{
  "youSucceedIn": "Vous réussissez à",
  "youFailAt": "Vous ne parvenez pas à",
  "playerSucceedIn": "{{ player }} réussit à",
  "playerFailAt": "{{ player }} ne parvient pas à",

  "theExit": "l'issue [$t(dir.{{ dir }})]",
  "discardKey": "Vous n'avez plus besoin de cette clé",
  "toward": "$t(dir.t{{ dir }})",
  "onContainer": "sur {{ container }}",

  "action": {
    "unlock": "déverrouiller la serrure de",
    "unlockKey": "déverrouiller, à l'aide de {{ key }}, la serrure de",
    "unlockCode": "déverrouiller, à l'aide d'un code, la serrure de",
    "exitIsLocked": "$t(theExit) est verrouillée.",
    "noExitHere": "$t(theExit) n'existe pas.",
    "youMoveRoom": "Vous empruntez $t(theExit), pour vous rendre dans : {{ room }}.",
    "playerEnterRoom": "{{ player }} vient d'arriver par $t(theExit).",
    "playerExitRoom": "{{ player }} emprunte $t(theExit).",

    "youUnlockExitCode": "$t(youSucceedIn) $t(action.unlockCode) $t(theExit).",
    "youUnlockExitKey": "$t(youSucceedIn) $t(action.unlockKey) $t(theExit).",
    "youUnlockExitKeyDiscard": "$t(action.youUnlockExitKey). $t(discardKey).",
    "youUnlockContainerCode": "$t(youSucceedIn) $t(action.unlockCode) {{ container }}.",
    "youUnlockContainerKey": "$t(youSucceedIn) $t(action.unlockKey) {{ container }}.",
    "youUnlockContainerKeyDiscard": "$t(action.youUnlockContainerKey). $t(discardKey)",
    "playerUnlockExitCode": "$t(playerSucceedIn) $t(action.unlockCode) $t(theExit).",
    "playerUnlockExitKey": "$t(playerSucceedIn) $t(action.unlockKey) $t(theExit).",
    "playerUnlockExitKeyDiscard": "$t(action.playerUnlockExitKey). $t(discardKey).",
    "playerUnlockContainerCode": "$t(playerSucceedIn) $t(action.unlockCode) {{ container }}.",
    "playerUnlockContainerKey": "$t(playerSucceedIn) $t(action.unlockKey) {{ container }}.",
    "playerUnlockContainerKeyDiscard": "$t(action.playerUnlockContainerKey). $t(discardKey)",
    "youFailUnlockExitKey": "$t(youFailAt) $t(action.unlock) $t(theExit).",
    "youFailUnlockExitCode": "$t(youFailAt) $t(action.unlockCode) $t(theExit).",
    "youFailUnlockContainerKey": "$t(youFailAt) $t(action.unlock) {{ container }}.",
    "youFailUnlockContainerCode": "$t(youFailAt) $t(action.unlockCode) {{ container }}.",
    "playerFailUnlockExitKey": "$t(playerFailAt) $t(action.unlock) $t(theExit).",
    "playerFailUnlockExitCode": "$t(playerFailAt) $t(action.unlockCode) $t(theExit).",
    "playerFailUnlockContainerKey": "$t(playerFailAt) $t(action.unlockKey) {{ container }}.",
    "playerFailUnlockContainerCode": "$t(playerFailAt) $t(action.unlockCode) {{ container }}.",

    "youSpringTrap": "Vous déclenchez un piège !",
    "playerSpringTrap": "{{ player }} déclenche un piège en se dirigeant $t(toward) !",

    "findSecret": "découvrir un passage secret",
    "findTrap": "découvrir un piège",
    "findAnyTrap": "découvrir de piège",

    "youFoundSecretExit": "$t(youSucceedIn) $t(action.findSecret) $t(toward).",
    "playerFoundSecretExit": "$t(playerSucceedIn) $t(action.findSecret) $t(toward).",
    "youFailSearchSecret": "$t(youFailAt) $t(action.findSecret) $t(toward)",

    "youFoundTrappedExit": "$t(youSucceedIn) $t(action.findTrap) $t(toward).",
    "youFoundTrappedContainer": "$t(youSucceedIn) $t(action.findTrap) $t(onContainer).",
    "playerFoundTrappedExit": "$t(playerSucceedIn) $t(action.findTrap) $t(toward).",
    "playerFoundTrappedContainer": "$t(playerSucceedIn) $t(action.findTrap) $t(onContainer).",
    "youFailSearchTrapExit": "$t(youFailAt) $t(action.findAnyTrap) $t(toward)",
    "youFailSearchTrapContainer": "$t(youFailAt) $t(action.findAnyTrap) $t(onContainer)",

    "youGet": "Vous obtenez : {{ item }}",
    "playerGet": "{{ player }} obtient : {{ item }}",
    "fromContainer": "en fouillant dans : {{ container }}",
    "youTakeItem": "$t(action.youGet).",
    "youTakeItemFromContainer": "$t(action.youGet), $t(action.fromContainer).",
    "playerTakeItem": "$t(action.playerGet).",
    "playerTakeItemFromContainer": "$t(action.playerGet), $t(action.fromContainer).",

    "youDrop": "Vous déposez : {{ item }}",
    "playerDop": "{{ player }} dépose : {{ item }}",
    "toContainer": "dans : {{ container }}",
    "youDropItem": "$t(action.youDrop)",
    "youDropItemInContainer": "$t(action.youDrop) $t(action.toContainer).",
    "playerDropItem": "$t(action.playerDrop)",
    "playerDropItemInContainer": "$t(action.playerDrop) $t(action.toContainer).",

    "disarm": "désamorcer un piège",

    "youDisarmTrap": "$t(youSucceedIn) $t(action.disarm) $t(toward).",
    "youDisarmContainerTrap": "$t(youSucceedIn) $t(action.disarm) $t(onContainer).",
    "playerDisarmTrap": "$t(playerSucceedIn) $t(action.disarm) $t(toward).",
    "playerDisarmContainerTrap": "$t(playerSucceedIn) $t(action.disarm) $t(onContainer).",
    "youFailDisarmTrap": "$t(youFailAt) $t(action.disarm) $t(toward).",
    "youFailDisarmContainerTrap": "$t(youFailAt) $t(action.disarm) $t(onContainer).",
    "playerFailDisarmTrap": "$t(playerFailAt) $t(action.disarm) $t(toward).",
    "playerFailDisarmContainerTrap": "$t(playerFailAt) $t(action.disarm) $t(onContainer).",
    "youCannotDisarmWhatYouDontSee": "Vous ne pouvez pas désamorcer un piège non-détecté.",

    "lockpick": "crocheter la serrure de",

    "youLockpickExit": "$t(youSucceedIn) $t(action.lockpick) $t(theExit).",
    "youLockpickContainer": "$t(youSucceedIn) $t(action.lockpick) {{ container }}",
    "youFailLockpickExit": "$t(youFailAt) $t(action.lockpick) $t(theExit).",
    "youFailLockpickContainer": "$t(youFailAt) $t(action.lockpick) {{ container }}",
    "playerLockpickExit": "$t(playerSucceedIn) $t(action.lockpick) $t(theExit).",
    "playerLockpickContainer": "$t(playerSucceedIn) $t(action.lockpick) {{ container }}",
    "playerFailLockpickExit": "$t(playerFailAt) $t(action.lockpick) $t(theExit).",
    "playerFailLockpickContainer": "$t(playerFailAt) $t(action.lockpick) {{ container }}",

    "youFailLookInContainer": "Ce contenant est verrouillé."
  },
  "traps": {
    "spike": {
      "desc": "Par un puissant mécanisme à ressorts, ce genre de piège propulse hors du sol, des pointes acérées et des lames tranchantes. Cette jungle de metal rouillé reste dangeureuse bien après le déclenchement du piège.",
      "player": "Plusieurs pointes vous rentrent dans les pieds et des lames vous lacèrent les jambes, vous causant une vive douleur.",
      "others_male": "Des pointes terriblement acérées perforent les jambes de {{ player }}. Le malheureux ne peut s'empêcher de lacher un cri de douleur.",
      "others_female": "Des pointes terriblement acérées perforent les jambes de {{ player }}. La malheureuse ne peut s'empêcher de lacher un cri de douleur."
    }
  },
  "labels": {
    "yourInventory": "Votre inventaire",
    "emptyInventory": "vide",
    "sentience": "[J]",
    "reaction": "réaction",
    "hostile": "hostile",
    "neuter": "neutre",
    "in": "dans",
    "trapStatus": "piège",
    "lockStatus": "verrou",
    "inventory": "inventaire",
    "weight": "poids",
    "direction": "direction",
    "nextRoom": "mène vers",
    "containerEmpty": "vide",
    "hasInventory": "Possède un inventaire",
    "actorDead_male": "Mort",
    "actorDead_female": "Morte",
    "corpse": "cadavre"
  },
  "trapStatus": {
    "disarmed": "désarmé",
    "armed": "armé",
    "danger": "Piège"
  },
  "lockStatus": {
    "none": "déverrouillé",
    "locked": "verrouillé",
    "key": "fermé à clé",
    "code": "verrouillé par code"
  },
  "entityType": {
    "exit": "issue",
    "exit_plural": "issues",
    "item": "objet",
    "item_plural": "objets",
    "actor": "créature",
    "actor_plural": "créatures",
    "player": "joueur",
    "player_plural": "joueurs",
    "placeable": "décor"
  },
  "dir": {
    "n": "nord",
    "e": "est",
    "w": "ouest",
    "s": "sud",
    "ne": "nord-est",
    "nw": "nord-ouest",
    "sw": "sud-ouest",
    "se": "sud-est",
    "u": "niv. sup.",
    "d": "niv. inf.",
    "tn": "vers le nord",
    "te": "vers l'est",
    "tw": "vers l'ouest",
    "ts": "vers le sud",
    "tne": "vers le nord-est",
    "tnw": "vers le nord-ouest",
    "tsw": "vers le sud-ouest",
    "tse": "vers le sud-est",
    "tu": "vers le niv. sup.",
    "td": "vers le niv. inf.",
    "an": "au nord",
    "ae": "à l'est",
    "aw": "à l'ouest",
    "as": "au sud",
    "ane": "au nord-est",
    "anw": "au nord-ouest",
    "asw": "au sud-ouest",
    "ase": "au sud-est",
    "au": "au niv. sup.",
    "ad": "au niv. inf."
  },
  "error": {
    "cantDoThat": "Action impossible",
    "noInventory": "Cet objet n'a pas d'inventaire",
    "entityTypeNotSuitable": "Type d'objet incompatible avec cette commande",

    "entityNotFound": "Identifiant d'objet invalide",
    "entityNotFoundInContainer": "Identifiant d'objet invalide dans le contenant spécifié",
    "containerNotFound": "Conteneur introuvable : ni visible, ni en possession",
    "invalidDirection": "Issue invalide",

    "invalidCommand": "Commande inconnue",
    "badUsage": "Utilisation incorrecte de la commande",
    "notLocked": "Cette serrure n'est pas verrouillée",
    "notCodeLocked": "Cette serrure n'est pas verrouillée par code.",
    "notKeyLocked": "Cette serrure n'est pas verrouillée par une clé."
  }
}
